"Path","Lines","HeadingCount","H1","TopHeadings"
"apps\worker\README.md","41","5","# Raawi Worker (Phase 1B)","# Raawi Worker (Phase 1B) || ## Env || ## Commands || ## Flow || ## Lexicon"
"benchmarks\complaint-pack\README.md","53","5","# Complaint Benchmark Pack","# Complaint Benchmark Pack || ## Contents || ## What This Measures || ## Suggested Workflow || ## Notes"
"benchmarks\human-vs-ai\README.md","88","8","# Human vs AI Scorecard Pack","# Human vs AI Scorecard Pack || ## Goal || ## Files || ## Dataset columns || ## Existing-report mode || ## Fresh-run mode"
"CODE_LEVEL_PIPELINE_AND_MECHANISMS.md","383","27","# Code-Level: Prompts, Pipeline, Schemas, Lexicon, and Job States","# Code-Level: Prompts, Pipeline, Schemas, Lexicon, and Job States || ## 1. Prompts and Pipeline Steps || ### 1.1 Overview || ### 1.2 Router Prompt (Article Selection) || ### 1.3 Judge Prompt (Atom Checking) || ### 1.4 Repair JSON Prompt"
"comments.md","23","1","#","## ملاحظة مقترحة تضاف في واجهة الاستيراد"
"docs\AGENT_01_ANALYSIS_PIPELINE.md","118","14","# Analysis Pipeline — Technical Reference for Agent Implementation","# Analysis Pipeline — Technical Reference for Agent Implementation || ## 1. Overview || ## 2. Task Creation (Edge / API) || ## 3. Per-Chunk Processing (Worker) || ### 3.1 Lexicon (no LLM) || ### 3.2 Router (optional, one LLM call)"
"docs\AGENT_02_PROMPTS_REFERENCE.md","314","14","# Prompts Reference — Full Text for Agent Implementation","# Prompts Reference — Full Text for Agent Implementation || ## 1. Router (اختيار المواد) || ### System: ROUTER_SYSTEM_MSG || ## 2. Judge — Single-Pass (JUDGE_SYSTEM_MSG) || ### System: JUDGE_SYSTEM_MSG (full) || ## 3. Multi-Pass Judge (المسارات المتخصصة)"
"docs\AGENT_03_ARTICLES_AND_ATOMS_DETAILED.md","341","29","# GCAM Articles and Atoms — Detailed Reference for Agent (Law + Film + Language)","# GCAM Articles and Atoms — Detailed Reference for Agent (Law + Film + Language) || ## Article 1 — التعريفات (Definitions) || ## Article 2 — نطاق التطبيق (Scope of application) || ## Article 3 — المسؤولية (Responsibility) || ## Article 4 — ضوابط المحتوى الإعلامي (Content rules — sub-rules) || ## Article 5 — التصنيف العمري (Age classification)"
"docs\AGENT_KNOWLEDGE_README.md","44","4","# Agent-Oriented Knowledge Base for Script Compliance Analysis","# Agent-Oriented Knowledge Base for Script Compliance Analysis || ## Document Index || ## Suggested Use for an Agent Implementation || ## Current vs. Agent Vision"
"docs\AI_ANALYSIS_VERIFICATION.md","174","16","# AI Analysis System - Final Verification","# AI Analysis System - Final Verification || ## ✅ Confirmed: Glossary Integration is ACTIVE || ### Flow Verification: || #### 1. **Glossary Terms Fetched** ✅ || #### 2. **Terms Injected into Prompts** ✅ || #### 3. **Injected Prompts Passed to OpenAI** ✅"
"docs\AI_QUALITY_AND_TRUST_ROADMAP_2026-03-27.md","548","52","# AI Quality and Trust Roadmap","# AI Quality and Trust Roadmap || ## Purpose || ## The Six Pain Points || ### 1. Same scan gives slightly different results || ### 2. Weak or unclear reason on finding cards || ### 3. Weak understanding of some atoms"
"docs\ANALYSIS_AUDITOR_CALIBRATION.md","68","6","# Auditor Calibration Gate (Saudi)","# Auditor Calibration Gate (Saudi) || ## Inputs || ## Mismatch Classes || ## Promotion Thresholds (2 consecutive runs) || ## SQL Pack (Supabase) || ## Execution Steps"
"docs\ANALYSIS_ENHANCEMENT_PLAN.md","136","16","# Analysis enhancement plan — speed, rationale quality, multi-pass strategy","# Analysis enhancement plan — speed, rationale quality, multi-pass strategy || ## Current architecture (baseline) || ## Goal 1 — Reduce analysis time || ### 1.1 Highest leverage (ops, no code) || ### 1.2 Code / config (lower risk) || ### 1.3 Code (medium effort)"
"docs\ANALYSIS_HYBRID_ROLLOUT.md","53","7","# Hybrid V3 Rollout Guide","# Hybrid V3 Rollout Guide || ## Runtime Flags || ## Modes || ## Shadow KPIs || ## Suggested Graduation Criteria || ## Activation Sequence"
"docs\ANALYSIS_MISSED_VIOLATIONS_DEBUG.md","95","9","# Why did analysis only report 1 violation for ""ظِلّ المدينة""?","# Why did analysis only report 1 violation for ""ظِلّ المدينة""? || ## Script content (expected violations) || ## How analysis works (reminder) || ## What to do || ### 1. Confirm chunk count and status || ### 2. Enable high recall (recommended)"
"docs\ANALYSIS_ROLLOUT_ROLLBACK_RUNBOOK.md","117","15","# Analysis Rollout and Rollback Runbook","# Analysis Rollout and Rollback Runbook || ## Purpose || ## Current Release Chain (latest first) || ## Deployment Order (strict) || ## Checkpoints (must pass before next step) || ### Checkpoint A: tasks function deployed"
"docs\ANALYSIS_V2_BASELINE_AUDIT.md","33","6","# Analysis V2 Baseline Audit","# Analysis V2 Baseline Audit || ## Scope || ## Current V2 Flow || ## Why false positives happen in V2 || ## Instrumentation Hooks Added || ## Compatibility Notes"
"docs\api-contract.md","184","14","# API Contract (apps/web)","# API Contract (apps/web) || ## 1. Auth || ## 2. Companies (Clients) || ## 3. Scripts || ## 4. Tasks (Assignments) || ## 5. Findings"
"docs\ARCHITECTURE_ISSUES_PERFORMANCE_HANDOFF_2026-03-26.md","900","65","# Architecture, Issues, and Performance Handoff","# Architecture, Issues, and Performance Handoff || ## Executive Summary || ## Document Intake Coverage || ## Rollback-Safe Rollout Notes || ## Architecture Map || ### Frontend"
"docs\ARTICLES_AND_ATOMS_WHAT_TO_FIND.md","470","38","# مواد GCAM والبنود (Atoms) — دليل ""ماذا نبحث عنه""","# مواد GCAM والبنود (Atoms) — دليل ""ماذا نبحث عنه"" || ## المادة 1 — التعريفات || ## المادة 2 — نطاق التطبيق || ## المادة 3 — المسؤولية || ## المادة 4 — ضوابط المحتوى الإعلامي — تفصيل القواعد الفرعية || ## المادة 5 — التصنيف العمري"
"docs\ARTICLES_ATOMS_TAXONOMY_AUDIT.md","227","7","# Articles + Atoms Taxonomy Audit","# Articles + Atoms Taxonomy Audit || ## 1. Current Articles || ## 2. Current Atoms || ## 3. UI Usage || ## 4. Prompt / Backend Usage || ## 5. Known Inconsistencies"
"docs\CANONICAL_HASH_CONTRACT.md","52","7","# Canonical Hash Contract","# Canonical Hash Contract || ## Canonical text || ## Stored on the job || ## Finding excerpts || ## Viewer behaviour || ## Rule: no canonical rewrite in /tasks"
"docs\Captain tars response.md","391","0","",""
"docs\CAPTAIN_TARS_PROMPT_V2_HANDOFF_2026-04-06.md","384","21","# Captain TARS Prompt V2 Handoff","# Captain TARS Prompt V2 Handoff || ## 1. Exact JSON Shape Expected From A Detection Pass || ## 2. Minimal Safe Contract For A Prompt Rewrite || ## 3. Exact Allowed `canonical_atom` Values || ### For the `insults` pass specifically || ## 4. Language Rules"
"docs\COMMIT_AND_PUSH_GUIDE.md","121","18","# What to commit and push — Phases 1–4 + error handling","# What to commit and push — Phases 1–4 + error handling || ## 1. Files to commit (all phases + error handling) || ### Phase 1 — Arabic font & DOCX || ### Phase 2 — Script pages (schema, extract, API, client) || ### Phase 3 — Page-based workspace UI || ### Phase 4 — Finding page number & report “Page X”"
"docs\CURRENT_AI_ANALYSIS_PROMPTS_2026-04-06.md","912","49","# Current AI Analysis Prompts","# Current AI Analysis Prompts || ## Executive Summary || ## Prompt Assembly Flow || ### 1. Per-pass system prompt || ### 2. Judge user prompt || ### 3. V2 context injection"
"docs\CURRENT_DOCX_ANALYSIS_AND_HIGHLIGHTING_STATE_2026-04-06.md","767","58","# Current DOCX Analysis And Highlighting State","# Current DOCX Analysis And Highlighting State || ## Purpose || ## Executive Summary || ## Shared Architecture || ## Source Of Truth Layers || ### 1. Raw findings"
"docs\DASHBOARD_METRICS_VERIFICATION.md","85","7","# Dashboard metrics verification","# Dashboard metrics verification || ## Root cause (fixed) || ## Files changed || ## SQL verification (Supabase SQL editor) || ## How the dashboard API matches || ## How to verify in production"
"docs\DATABASE_SCHEMA_VERIFICATION.md","122","11","# Database Schema Verification for Multi-Pass System","# Database Schema Verification for Multi-Pass System || ## ✅ Schema Compatibility Check || ### **Required Tables:** || #### 1. `slang_lexicon` ✅ || #### 2. `analysis_jobs` ✅ || #### 3. `analysis_findings` ✅"
"docs\DEBUG_ZERO_FINDINGS_AND_CONSOLE.md","145","12","# How to Debug Zero Findings & Console Errors","# How to Debug Zero Findings & Console Errors || ## 1. Browser console errors (403 on /users) || ### What you saw || ### Cause || ### Fix applied || ### Other console lines"
"docs\DEPLOYMENT_CHECKLIST.md","133","13","# Multi-Pass v2.0 Deployment Checklist","# Multi-Pass v2.0 Deployment Checklist || ## 📋 Pre-Deployment || ## 🚀 Deployment Steps || ### **1. Coolify Auto-Deploy** ⏳ || ### **2. Verify Deployment** ⏳ || ### **3. Test Analysis** ⏳"
"docs\DETECTION_ISSUES_DIAGNOSIS.md","245","20","# AI Detection Issues - Root Cause Analysis","# AI Detection Issues - Root Cause Analysis || ## 🔍 Problem Statement || ## 🚨 Root Causes Identified || ### **Issue #1: PROMPT COMPLEXITY OVERLOAD** ⚠️⚠️⚠️ || ### **Issue #2: EXCEPTION-FIRST STRUCTURE** ⚠️⚠️ || ### **Issue #3: VERBATIM FILTER TOO STRICT** ⚠️⚠️⚠️"
"docs\editor-highlights-and-manual-findings-audit.md","260","27","# Editor Highlights and Manual Findings Audit (RaawiFilm)","# Editor Highlights and Manual Findings Audit (RaawiFilm) || ## 1. Current editor implementation || ### What is used || ### File path || ### Implementation details || ## 2. Highlight spans logic (offset-based and HTML)"
"docs\ENV_PLACEMENT.md","103","6","# Environment variables — where they live (Phase 5, no surprises)","# Environment variables — where they live (Phase 5, no surprises) || ## 1) Supabase Edge Functions (invites, upload, companies, …) || ## 2) Worker (Node/tsx) || ## 3) Frontend (Vite) || ## Quick reference || ## Acceptance"
"docs\EXECUTION_PLAN_AI_AUDIT_SYSTEM_2026-03-27.md","407","25","# Execution Plan: AI Audit System Upgrade","# Execution Plan: AI Audit System Upgrade || ## Mission || ## Guiding Rules || ## Phase Structure || ### Phase 0: Baseline and Measurement || ### Phase 1: Trust and Stability"
"docs\FINDING_SOURCE_RULES.md","84","11","# Finding source rules (Manual vs AI)","# Finding source rules (Manual vs AI) || ## Goal || ## Schema || ## Writers and what they set || ## UI rules (no guessing) || ## Backfill (optional)"
"docs\FLEXIBILITY_ASSESSMENT_ANALYSIS_RECONSTRUCTION.md","139","13","# Flexibility Assessment: Can We Reconstruct Analysis on New Principles?","# Flexibility Assessment: Can We Reconstruct Analysis on New Principles? || ## Short Answer || ## 1. Shared Atoms / Multiple Articles — Where the Confusion Comes From || ### Current behaviour || ### What we have in code (flexibility) || ## 2. Second Analysis: “Words to Pick According to Articles” (Including Non-Violations)"
"docs\FORMATTED_ONLY_HIGHLIGHTS.md","50","8","# Formatted-only viewer with accurate highlights (Option B)","# Formatted-only viewer with accurate highlights (Option B) || ## Overview || ## Canonical text derivation (Strategy A) || ## Mapping approach || ## Normalization || ## Offset validation guard"
"docs\frontend-models.md","361","15","# Frontend Models (TypeScript interfaces & enums)","# Frontend Models (TypeScript interfaces & enums) || ## 1. Company / Client || ## 2. User (app profile) || ## 3. Script || ## 4. ScriptVersion || ## 5. Task (assignments)"
"docs\GCAM Canonical Atom Framework (v1).md","527","0","",""
"docs\GCAM Severity Rulebook (v1).md","275","0","",""
"docs\GCAM_COVERAGE_ANALYSIS.md","130","13","# GCAM Article Coverage Analysis","# GCAM Article Coverage Analysis || ## ✅ **COMPLETE GCAM COVERAGE ACHIEVED** || ## 📊 Multi-Pass System Coverage (10 Passes) || ### **All Scannable Articles Covered:** || ### **Unique Articles Covered:** || ## 📋 Articles NOT Scanned (By Design)"
"docs\glossary_add_term_popup_ar.md","643","101","# دليل نافذة ""إضافة مصطلح"" في قسم القاموس","# دليل نافذة ""إضافة مصطلح"" في قسم القاموس || ## الهدف من النافذة || ## متى تستخدم ""إضافة مصطلح""؟ || ## مكونات النافذة || ## 1. حقل ""المصطلح"" || ### ماذا أكتب فيه؟"
"docs\GLOSSARY_AUDIT.md","64","11","# Glossary Section – Audit","# Glossary Section – Audit || ## Summary || ## Issues Found and Fixed || ### 1. HistoryModal: `settings` undefined (bug) || ### 2. HistoryModal: History never loaded || ### 3. TermModal: Duplicate check on edit"
"docs\GLOSSARY_CSV_FORMAT.md","22","1","#","# Glossary CSV import / export"
"docs\GLOSSARY_DEBUG_PATCH_PLAN.md","236","17","# Glossary / Slang Lexicon — Debug & Patch Plan","# Glossary / Slang Lexicon — Debug & Patch Plan || ## 1. Why “Glossary additions are not considered by AI” || ### 1.1 Broken path (persistence) || ### 1.2 Broken path (highlights) || ### 1.3 What already works || ## 2. Patch plan (file-by-file)"
"docs\GLOSSARY_END_TO_END_VERIFICATION.md","140","11","# Glossary / Lexicon — End-to-End Verification","# Glossary / Lexicon — End-to-End Verification || ## 1. Verified flow: UI → API → DB → Worker → Findings → Highlighting || ## 2. Code paths (files + key functions) || ## 3. Screenshot / console evidence expectations || ### 3.1 Terms persist after refresh || ### 3.2 Report includes lexicon finding"
"docs\GLOSSARY_LEXICON_FLOW.md","259","31","# Glossary (Slang Lexicon) Flow — End-to-End","# Glossary (Slang Lexicon) Flow — End-to-End || ## 1) Where the page reads/writes data || ### UI → API calls || ### File locations || ## 2) Data model || ### Table: `slang_lexicon`"
"docs\GLOSSARY_REPORT.md","255","13","# Glossary (Slang Lexicon) — Complete Report","# Glossary (Slang Lexicon) — Complete Report || ## 1. What the Glossary Is || ## 2. Current Situation — Executive Summary || ## 3. What We Have — In Depth || ### 3.1 Database || ### 3.2 Glossary UI (Frontend)"
"docs\golden-saudi-scripts\README.md","20","4","# Saudi Golden Script Set (Phase 1)","# Saudi Golden Script Set (Phase 1) || ## Contents || ## How to run || ## Notes"
"docs\HARD_ATOM_PLAYBOOK_PRIORITY_2026-03-27.md","192","10","# Hard Atom Playbook: Priority Set","# Hard Atom Playbook: Priority Set || ## Why These Atoms First || ## Atom 5-2 || ## Atom 7-2 || ## Atom 7-3 || ## Atom 7-4"
"docs\HASH_MISMATCH_INVESTIGATION.md","107","9","# Hash Mismatch Investigation: AI Highlights Never Work","# Hash Mismatch Investigation: AI Highlights Never Work || ## Step 1 — Reproduction (expected outcome) || ## Step 2 — How hashes are computed and stored || ### A) `editorData.contentHash` (viewer side) || ### B) `analysis_jobs.script_content_hash` (job side) || ## Step 3 — Comparison and root cause"
"docs\HIGHLIGHT_ALIGNMENT_DEBUG.md","50","7","# Highlight alignment debug report","# Highlight alignment debug report || ## 1. One normalize implementation || ## 2. Build index only on unwrapped DOM || ## 3. Stronger offset validation (skip + log) || ## 4. Overlapping findings || ## Summary: minimal fixes applied"
"docs\HIGHLIGHTS_DOM_PERSISTENCE.md","90","9","# Highlights DOM Persistence","# Highlights DOM Persistence || ## Problem || ## 1) Root cause: React re-writing innerHTML || ### Container identity (diagnostics added) || ## 2) Render paths that overwrite the viewer HTML || ## 3) Fix: stop React from owning the div content (approach A)"
"docs\IMPLEMENTATION_NOTES_import_and_add_to_findings.md","138","24","# Implementation notes: Import (DOCX/PDF) and “Add to findings” UX","# Implementation notes: Import (DOCX/PDF) and “Add to findings” UX || ## Overview || ## A) DOCX/PDF import || ### Goal || ### Client-side parsing || ### Scanned PDF / empty text"
"docs\IMPLEMENTATION_TRACKER_SCRIPT_PAGES.md","183","23","# Implementation Tracker: Script Pages, Formatting & PDF-like Workspace","# Implementation Tracker: Script Pages, Formatting & PDF-like Workspace || ## Phase 1 — Quick wins (no schema change) || ### 1.1 Arabic display in workspace || ### 1.2 Formatting (DOCX) || ## Phase 2 — Page storage and extraction || ### 2.1 Schema"
"docs\INVITE_SECURITY.md","61","7","# Invite flow — Security and “no surprises” notes (Phase 7)","# Invite flow — Security and “no surprises” notes (Phase 7) || ## 1. Never store invite token in DB — only hash || ## 2. Crypto-safe token generator || ## 3. Invite creation: requireAuth() + permission check || ## 4. Consume endpoint: no auth, but rate-limited and strongly validated || ## 5. Audit logging"
"docs\INVITE_TESTING_CHECKLIST.md","117","10","# Invite flow — Testing checklist (Phase 6)","# Invite flow — Testing checklist (Phase 6) || ## Prerequisites || ## 1. Admin creates user in UI → Resend accepted || ## 2. User receives email → opens link → sets password || ## 3. User can login || ## 4. Invite token cannot be reused"
"docs\LEXICON_AI_ENHANCEMENT.md","235","25","# Lexicon-Enhanced AI Analysis","# Lexicon-Enhanced AI Analysis || ## Problem || ## Solution || ## Changes Made || ### 1. **Updated AI Prompts** (`supabase/functions/_shared/aiConstants.ts` & `apps/worker/src/aiConstants.ts`) || #### Router Prompt (v1.0 → v1.1)"
"docs\LEXICON_ANALYSIS_DEBUG_REPORT.md","138","13","# Lexicon / Glossary Terms Not Appearing in AI Analysis — Debug Report","# Lexicon / Glossary Terms Not Appearing in AI Analysis — Debug Report || ## 1) Findings (bullet list) || ## 2) Evidence (file paths + line numbers) || ## 3) Root cause (most likely + why) || ## 4) Fix plan (exact code changes, env vars, SQL, redeploy) || ### 4.1 Align worker with production DB (primary)"
"docs\MULTI_PASS_DETECTION_DESIGN.md","366","31","# Multi-Pass Detection System Design","# Multi-Pass Detection System Design || ## 🎯 Concept: Specialized Scanners || ## 🏗️ Architecture || ### Current (Single-Pass): || ### Proposed (Multi-Pass): || ## 📋 Pass Definitions"
"docs\MULTI_PASS_IMPLEMENTATION.md","360","47","# Multi-Pass Detection System - Implementation Complete ✅","# Multi-Pass Detection System - Implementation Complete ✅ || ## 🎯 Overview || ### **Pass 0: Glossary Scanner** 🔍 || ### **Pass 1: Insults Scanner** 💬 || ### **Pass 2: Violence Scanner** ⚔️ || ### **Pass 3: Sexual Content Scanner** 🚫"
"docs\MULTI_PASS_SUMMARY.md","162","27","# Multi-Pass Detection System - Executive Summary","# Multi-Pass Detection System - Executive Summary || ## 🎯 What Changed || ## 🔥 The 10 Scanners (100% GCAM Coverage) || ### **Scanner 0: Glossary** 📚 || ### **Scanner 1: Insults** 💬 || ### **Scanner 2: Violence** ⚔️"
"docs\NORMALIZE_SPEC.md","27","5","# Normalization spec (canonical text for offsets)","# Normalization spec (canonical text for offsets) || ## Transform (identical backend + frontend) || ## Where it is used || ## htmlToText (tag-strip only) || ## Assertion (dev)"
"docs\OFFSET_CANONICAL_TEXT.md","51","6","# Offset canonical text: single source for AI highlights","# Offset canonical text: single source for AI highlights || ## Problem || ## Canonical source || ## Normalization (single function) || ## Content hash check strategy || ## Summary"
"docs\OFFSETS_AND_PAGES.md","38","6","# Script offsets and page numbers","# Script offsets and page numbers || ## Canonical content || ## Separator between pages || ## Mapping offset → page || ## No per-page rows || ## Optional: `ANALYSIS_CHUNK_BY_PAGE`"
"docs\OFFSETS_GLOBAL_VS_CHUNK.md","71","11","# Offsets: global vs chunk-local coordinate system","# Offsets: global vs chunk-local coordinate system || ## Summary || ## Where offsets are defined and used || ### 1. Canonical text (base for all global offsets) || ### 2. Chunks (analysis_chunks) || ### 3. Worker pipeline (Judge → findings)"
"docs\PDF_DISPLAY_FONT.md","26","5","# PDF → workspace font (display hint)","# PDF → workspace font (display hint) || ## What we can and cannot do || ## What we implemented || ## Operations || ## Extending the mapper"
"docs\PDF_EXPORT_REPORT.md","237","27","# PDF Export Functionality — Complete Report","# PDF Export Functionality — Complete Report || ## 1. Overview || ## 2. Architecture || ### 2.1 Main components || ### 2.2 Data flow || ### 2.3 Font strategy"
"docs\PERMISSIONS_AUDIT_AND_DISCOVERY.md","152","16","# Permissions, User Types, and Visibility — Audit & Discovery Report","# Permissions, User Types, and Visibility — Audit & Discovery Report || ## 1. User types (roles) || ## 2. Where “admin” is checked (two places) || ## 3. What each role can see (intended vs current) || ### 3.1 Scripts || ### 3.2 Reports (analysis_reports)"
"docs\PERMISSIONS_MAP.md","94","10","# Permissions Map (RBAC Baseline)","# Permissions Map (RBAC Baseline) || ## Source of truth references || ### DB tables || ### RPCs || ### Edge functions || ### Frontend"
"docs\PHASE0_POLICY_WORKSHOP_SPEC.md","58","8","# Phase 0 Policy Workshop Spec","# Phase 0 Policy Workshop Spec || ## Objective || ## Pillar Model (Top-Level) || ## Mandatory Decisions Per Finding || ## Severity Rubric Baseline || ## Primary vs Related Article Rule"
"docs\phase1a-test-steps.md","225","15","# Phase 1A – Manual test steps and expected DB state","# Phase 1A – Manual test steps and expected DB state || ## Prerequisites || ## 1. Create script (POST /scripts) || # Replace CLIENT_UUID with a real clients.id (uuid) || ## 2. Create version (POST /scripts/versions) || # Use SCRIPT_ID from step 1"
"docs\PIPELINE_V2_ROLLOUT_PLAN_2026-04-06.md","167","24","# Pipeline V2 Rollout Plan","# Pipeline V2 Rollout Plan || ## Goal || ## Rollout Model || ### V1 || ### V2 || ## Control Points"
"docs\PLAN_FIX_ARTICLE_FINDING_AND_DUPLICATION.md","198","17","# Plan: Fix Article–Finding Relation and Duplication (Pre-Coding)","# Plan: Fix Article–Finding Relation and Duplication (Pre-Coding) || ## 1. Desired End State || ## 2. Current State (Root Causes) || ### 2.1 Why the same incident appears many times || ### 2.2 Why primary article is often 4 or 5 || ### 2.3 Why summary and findings disagree"
"docs\PLAN_SCRIPT_PAGES_AND_FORMATTING.md","262","19","# Plan: Script Pages, Formatting, and PDF-like Workspace","# Plan: Script Pages, Formatting, and PDF-like Workspace || ## Are these doable? || ## 1. Arabic letters not connected (image 1 vs 2) || ## 2. Formatting (match original document) || ## 3. Pages (one page in doc = one page in workspace) || ## 4. Workspace: page view + toolbar (like image 3)"
"docs\PLAN_WORKSPACE_A4_AND_FORMAT_FIDELITY.md","137","10","# Plan: A4 workspace page + higher format fidelity (import)","# Plan: A4 workspace page + higher format fidelity (import) || ## Phase 1 — A4 page frame in the workspace (layout only) || ## Phase 2 — Typography tokens inside the A4 frame (readability, not Word clone) || ## Phase 3 — DOCX: richer structure preservation (Mammoth + post-process) || ## Phase 4 — PDF: structure + light styling from `getTextContent()` || ## Phase 5 — Optional: true layout fidelity paths (later / niche)"
"docs\policy_diff.md","282","9","# PolicyMap vs DOCX (bible) taxonomy diff","# PolicyMap vs DOCX (bible) taxonomy diff || ## 1. Missing in PolicyMap (in DOCX only) || ## 2. Extra in PolicyMap (not in DOCX) || ## 3. Article title mismatches || ## 4. Missing atoms in PolicyMap (in DOCX only) || ## 5. Extra atoms in PolicyMap (not in DOCX)"
"docs\policy_patch_report.md","8","3","# PolicyMap patch from bible_taxonomy.json","# PolicyMap patch from bible_taxonomy.json || ## Diff summary || ## Atoms in one file but not the other"
"docs\PRODUCT_BACKLOG.md","118","10","# Product backlog — Raawi","# Product backlog — Raawi || ## TODO (Later) #1 — Audit Log (Show All + full table) || ### Requirements || ### Acceptance criteria || ## TODO (Later) #2 — PDF Report Export Suite (Arabic + English) || ### Requirements"
"docs\prompts\01_violence_fix.md","146","0","",""
"docs\prompts\02_sexual_content_fix.md","167","0","",""
"docs\prompts\03_drugs_alcohol_fix.md","136","0","",""
"docs\prompts\04_discrimination_incitement_fix.md","229","0","",""
"docs\prompts\05_national_security_fix.md","119","0","",""
"docs\prompts\06_extremism_banned_groups_fix.md","179","0","",""
"docs\prompts\07_misinformation_fix.md","135","0","",""
"docs\prompts\08_international_relations_fix.md","172","0","",""
"docs\prompts\09_women_fix.md","197","0","",""
"docs\prompts\10_article4_fallback_fix.md","234","0","",""
"docs\prompts\README.md","22","1","#","# Current Remaining Judge Prompts"
"docs\prompts\The auditor layer.md","343","0","",""
"docs\QA_CHECKLIST_IMPORT_ANALYSIS_EXPORT.md","84","7","# QA checklist — PDF import · Analysis · Report export","# QA checklist — PDF import · Analysis · Report export || ## Lane A — Importing PDF (upload → extract → editor) || ## Lane B — Analysis time & job behavior || ## Lane C — Analysis report export (PDF / print) || ## Cross-lane sanity (one pass) || ## Troubleshooting: `unsupported Unicode escape sequence` on `/extract` (500)"
"docs\QA_REMEDIATION_REPORT.md","30","3","# QA remediation report — handoff","# QA remediation report — handoff || ## Deploy notes || ## Suggested QA re-test"
"docs\QA_ROLE_PERMISSIONS_FIX_REPORT.md","193","16","# QA Role & Permissions Fix Report","# QA Role & Permissions Fix Report || ## Per-issue: root cause, fix, files touched, verify in prod || ### A. Regulator gets error toast when opening Access Control || ### B. Regulator label shows “Admin” even when role is Regulator || ### C. Task fails to open after clicking it (for all users) || ### D. Approve/Reject option disappears quickly for Regulator/Admin"
"docs\QA_SMOKE_CHECKS.md","68","8","# QA Smoke Checks — RBAC & Status Refresh","# QA Smoke Checks — RBAC & Status Refresh || ## 1. Regulator cannot access Access Control || ## 2. Regulator sees correct role label || ## 3. Assignee can open task & script || ## 4. Approve/reject buttons stable || ## 5. Status refresh after decision"
"docs\QA_TEST_PLAN.md","292","59","# RawwiFilm — End-to-End QA Test Plan","# RawwiFilm — End-to-End QA Test Plan || ## Master checklist (Excel-friendly) || ## 1. Authentication || ### A1 — Login with seeded user || ### A2 — Login with wrong password || ### A3 — Logout"
"docs\QUICK_ANALYSIS_ROLLOUT_ROLLBACK.md","32","5","# Quick Analysis Rollout and Rollback","# Quick Analysis Rollout and Rollback || ## Feature Flag || ## Safe Rollout Order || ## Fast Rollback Sequence || ## Notes"
"docs\RECOVERY_PHASE1_SOURCE_OF_TRUTH_MATRIX_2026-04-06.md","312","24","# Recovery Phase 1: Source-of-Truth Matrix","# Recovery Phase 1: Source-of-Truth Matrix || ## 1. Core Data Objects in the Current System || ### `scripts` || ### `script_text` || ### `script_pages` || ### `analysis_jobs`"
"docs\RECOVERY_PHASE2_REVIEW_FINDINGS_SCHEMA_AND_API_DRAFT_2026-04-06.md","360","41","# Recovery Phase 2: `analysis_review_findings` Schema and API Draft","# Recovery Phase 2: `analysis_review_findings` Schema and API Draft || ## 1. Design Goal || ## 2. Proposed Table: `analysis_review_findings` || ## Identity and ownership || ## Canonical linkage || ## Policy/reviewer-visible classification"
"docs\RECOVERY_PLAN_UNIFIED_REVIEW_WORKFLOW_2026-04-06.md","609","38","# Unified Review Workflow Recovery Plan","# Unified Review Workflow Recovery Plan || ## 1. Executive Summary || ## 2. Recovery Strategy Decision || ## 3. Current Architecture Audit || ### 3.1 Entry Points || ### 3.2 Import and Extraction"
"docs\REPORT_PRINT_EXPORT_MAP.md","147","13","# Report Print / Export — Implementation Map & Fix Targets","# Report Print / Export — Implementation Map & Fix Targets || ## A) Current Implementation Map || ### 1. Button location and handlers || ### 2. Route(s) involved || ### 3. API calls (Analysis report only) || ### 4. HTML generation method (Analysis report)"
"docs\ROLLBACK_URL_CORS_FIXES.md","71","9","# Rollback: URL & CORS fixes (Feb 2026)","# Rollback: URL & CORS fixes (Feb 2026) || ## Option A: Revert entire change set (Git) || # See the commit that applied these fixes || # Revert that commit (creates a new commit that undoes it) || ## Option B: Manual rollback by area || ### 1. Web app: single API_BASE_URL"
"docs\route-audit-BUG-06.md","69","6","# Route Audit (BUG-06 – Incorrect 404 Routing)","# Route Audit (BUG-06 – Incorrect 404 Routing) || ## Summary || ## Frontend routes (App.tsx) || ## Backend (Supabase Edge Functions) || ## Static assets || ## Auth"
"docs\SANITY_CHECK_ANALYSIS_OPTIONS.md","86","9","# Sanity Check: Analysis Options (بطاقة لكل موقع vs بطاقة لكل ظهور)","# Sanity Check: Analysis Options (بطاقة لكل موقع vs بطاقة لكل ظهور) || ## 1. Flow Overview || ## 2. Option Behaviour (Backend) || ### 2.1 Stored value || ### 2.2 Aggregation (`apps/worker/src/aggregation.ts`) || ## 3. UI and Export"
"docs\SCRIPT_DECISION_POLICY.md","139","14","# Script Accept / Reject (Decision) Policy","# Script Accept / Reject (Decision) Policy || ## TASK A — Implementation locations || ### Edge Function: decision endpoint || ### Permission SQL (who can approve/reject) || ### Database-level (scripts table) || ### Frontend"
"docs\SCRIPT_DECISION_REPORT.md","59","5","# Script Decision Policy — Current vs Desired & Changes","# Script Decision Policy — Current vs Desired & Changes || ## Short report: current vs desired behavior || ### Truth table (who can approve/reject) || ## Exact files changed || ## How to test manually in production"
"docs\SCRIPT_DECISION_VERIFICATION.md","97","8","# Script Decision Policy — Verification & Manual Tests","# Script Decision Policy — Verification & Manual Tests || ## Current vs desired behavior (aligned) || ## Deterministic checks (expected outcomes) || ## Audit logging || ## How to test manually in production || ## Single source of truth (GET decision/can + POST decision)"
"docs\SCRIPT_WORKSPACE_AND_VIEWER.md","187","18","# Script workspace: import, pages, viewer, and findings","# Script workspace: import, pages, viewer, and findings || ## 1. What the script workspace is || ## 2. How imported documents are processed || ### 2.1 Upload flow (high level) || ### 2.2 TXT || ### 2.3 PDF"
"docs\script-import-and-editor-audit.md","397","61","# Script Import and Editor Audit (RaawiFilm)","# Script Import and Editor Audit (RaawiFilm) || ## 1. Overview || ## 2. Frontend: Script creation & upload flow || ### File paths || ### File input and accept || ### Upload handler: `handleFileUpload` (lines 346–406)"
"docs\script.md","348","0","",""
"docs\SECURITY_VALIDATION_REPORT.md","158","21","# Security Validation Report","# Security Validation Report || ## RaawiFilm Platform || ## 1) Executive Readout (Simple + Direct) || ## 2) Validation Methodology || ## 3) Analyst Claims — High-Tech but Clear Verdict || ## 4) Technical Evidence (Readable Form)"
"docs\SELECTION_BUG_INVESTIGATION.md","132","7","# Selection bug investigation: text selection snaps away in script viewer","# Selection bug investigation: text selection snaps away in script viewer || ## Problem || ## Step 1 — DOM element that renders the script text || ## Step 2 — CSS that could affect selection || ## Step 3 — Re-render as the cause || ## Step 4 — Minimal fix (single change)"
"docs\session-timeout-BUG-08.md","18","3","# Session Timeout (BUG-08)","# Session Timeout (BUG-08) || ## What was fixed (app) || ## Supabase (project-level)"
"docs\SETTINGS_AUDIT.md","53","5","# Settings Page — Audit (What Works vs What’s Not Applied)","# Settings Page — Audit (What Works vs What’s Not Applied) || ## 1. Working (saved and effective) || ## 2. Applied (wired to the app) || ## 3. Not applied (deferred) || ## 4. Summary"
"docs\SITICH_RESPONSE_REPORT.md","143","14","# Formal Response to SITICH Security Claims","# Formal Response to SITICH Security Claims || ## RaawiFilm Platform — Technical Clarification and Validation Position || ## 1) Respectful Acknowledgement || ## 2) Scope Clarification (What can and cannot be concluded) || ### 2.1 What SITICH likely observed || ### 2.2 What requires additional proof before final conclusion"
"docs\STRICT_MODE_UPGRADE.md","172","22","# STRICT MODE AI Analysis Upgrade","# STRICT MODE AI Analysis Upgrade || ## Overview || ## Key Changes || ### Judge Prompt: v1.2 → v1.3 (STRICT MODE) || #### What Changed: || #### Philosophy Shift:"
"docs\TAXONOMY_EXTRACTION_VALIDATION.md","48","5","# Taxonomy extraction – validation summary","# Taxonomy extraction – validation summary || ## Counts || ## Per-article atom counts || ## Numbering gaps || ## Output file"
"docs\TEST_SCRIPT_ANALYSIS.md","139","13","# Test Script Analysis - ""وحيد أبو نغم (الجزء الرابع)""","# Test Script Analysis - ""وحيد أبو نغم (الجزء الرابع)"" || ## Script Content Summary: || ## Expected Violations (What AI Should Detect): || ### 🚨 VIOLATION #1: Insult/Defamation (نصاب) || ## ✅ Clean Content (No Violations Expected): || ### Technical Metadata:"
"docs\TROUBLESHOOTING_CORS.md","100","6","# Why you see “CORS policy: No 'Access-Control-Allow-Origin' header” on Access Control","# Why you see “CORS policy: No 'Access-Control-Allow-Origin' header” on Access Control || ## What’s going on || ## How local Supabase works || ## Fix 1: Run Edge Functions with JWT verification disabled (required for CORS from browser) || ## Fix 2: Use the mock API (no backend, no CORS) || ## Summary"
"docs\UNICODE_EXTRACT_PIPELINE.md","38","6","# Unicode & PDF text extraction — what to expect","# Unicode & PDF text extraction — what to expect || ## Honest scope || ## Strategy (best practice for this product) || ## Where it lives || ## QA matrix (recommended) || ## If something still breaks"
"docs\UPLOAD_ASSIGN_FIX_REPORT.md","47","6","# Admin assign + upload fix — root cause and deliverables","# Admin assign + upload fix — root cause and deliverables || ## Root cause (why Invalid JWT only in isAssigning path) || ## Files changed || ## Verification checklist || ## Proof || ## After fix"
"docs\USER_CREATION_SIMPLIFICATION.md","56","6","# User Creation Simplification — Design & Standards","# User Creation Simplification — Design & Standards || ## 1. Principle: Single source of truth || ## 2. Why remove section toggles || ## 3. What stays the same (no breaking changes) || ## 4. Implementation checklist || ## 5. Default sections per role (reference)"
"docs\user-guide\أدوار_الموافقة_والرفض.md","64","8","# أدوار المستخدمين في الموافقة على النصوص ورفضها","# أدوار المستخدمين في الموافقة على النصوص ورفضها || ## نظرة عامة || ## من يمكنه الموافقة أو الرفض؟ || ## قاعدة تضارب المصالح || ## الجهة الرقابية (المراجع) || ## المشرف (Admin)"
"docs\VERIFICATION.md","223","11","# Verification — PolicyMap taxonomy & source badges","# Verification — PolicyMap taxonomy & source badges || ## 0) Audit Log MVP (optional) || ## 0.4) Audit Log PDF export (AR/EN) || ## 0.48) Glossary / Lexicon PDF export (AR/EN) || ## 0.47) Clients PDF export (AR/EN) — v1 complete || ## 0.5) Analysis Report PDF export (AR/EN)"
"docs\ZERO_FINDINGS_DEBUG.md","207","16","# Zero Findings Debug Guide","# Zero Findings Debug Guide || ## 🚨 Issue: Analysis returns 0 findings || ### Root Cause Identified: || ## ✅ Fix Applied || ## 🔍 Verification Steps || ### **1. Check Worker Logs**"
"docs\خيارات_تجميع_التحليل.md","67","11","# خيارات تجميع نتائج التحليل","# خيارات تجميع نتائج التحليل || ## الخيار الأول: بطاقة واحدة لكل موقع (موصى به) || ### ماذا يعني؟ || ### الإيجابيات || ### السلبيات || ## الخيار الثاني: بطاقة لكل ظهور"
"docs\كيف_يعمل_التحليل_لغير_المختصين.md","150","11","# كيف يعمل تحليل النص في المنصة؟","# كيف يعمل تحليل النص في المنصة؟ || ## ماذا يفعل التحليل؟ || ## المراحل الرئيسية للتحليل || ### المرحلة ١ — القائمة الثابتة (المعجم) || ### المرحلة ٢ — اختيار المواد الأكثر صلة (المرشّح) || ### المرحلة ٣ — الفحص المتخصص (المسارات المتعددة)"
"docs\مواد_ومفردات_GCAM.md","294","28","# مواد ومفردات نظام GCAM المستخدمة في التحليل","# مواد ومفردات نظام GCAM المستخدمة في التحليل || ## نظرة عامة || ## المواد من 1 إلى 24 (ضمن نطاق التحليل) || ### المادة 1 — التعريفات || ### المادة 2 — نطاق التطبيق || ### المادة 3 — المسؤولية"
"enhancement plan.md","507","0","",""
"implementation_plan.md","48","17","# Production Readiness & Stabilization Plan","# Production Readiness & Stabilization Plan || ## Proposed Changes || ### 1. Environment & Localhost Hygiene || #### [MODIFY] [cors.ts](file:///d:/Waheed/MypProjects/RawwiFilm/supabase/functions/_shared/cors.ts) || #### [MODIFY] [env.ts](file:///d:/Waheed/MypProjects/RawwiFilm/apps/web/src/lib/env.ts) || #### [MODIFY] [upload/index.ts](file:///d:/Waheed/MypProjects/RawwiFilm/supabase/functions/upload/index.ts)"
"issues.md","429","47","# Raawifilm — Code Audit & Issues Report","# Raawifilm — Code Audit & Issues Report || ## Summary || ## 1. Critical Issues || ### 1.1 Clients.tsx — Wrong hook: `useState` used instead of `useEffect` for side effect || ### 1.2 Scripts.tsx — Wrong property names: `clientId` and `c.id` (API uses `companyId`) || ### 1.3 Audit.tsx — Use of `supabase.auth.admin` in the browser"
"MemoryFile.md","640","0","",""
"PDF_EXPORT_ARCHITECTURE.md","712","20","# RaawiX PDF Export System Architecture","# RaawiX PDF Export System Architecture || ## Overview || ## Architecture Diagram || ## Key Components || ### 1. API Endpoint (`pdf-export.ts`) || ### 2. Rendering Engine (`pdf-template-renderer.ts`)"
"prod-audit.md","35","6","# Production Readiness Audit Report - RaawiFilm","# Production Readiness Audit Report - RaawiFilm || ## 1. Localhost & Environment Hygiene || ## 2. Runtime Stability (Frontend) || ## 3. Docker & Deployment || ## 4. Database URL Hygiene || ## Next Steps"
"SCRIPT_ANALYSIS_FEATURE_REPORT1.md","588","36","# Script Analysis Feature — Technical Report","# Script Analysis Feature — Technical Report || ## 1. Executive Summary || ## 2. AI Model Used || ## 3. Pipeline Overview || ### 3.1 High-Level Flow || ### 3.2 Detailed Pipeline"
"SCRIPT_ANALYSIS_FEATURE_REPORT2.md","292","27","# Script Analysis Feature — Technical Report","# Script Analysis Feature — Technical Report || ## 1. Executive Summary || ## 2. AI Model Used || ## 3. Pipeline Overview || ### 3.1 High-Level Flow || ### 3.2 Detailed Pipeline"
"supabase\functions\_shared\fonts\README.md","22","1","#","# PDF Fonts (Roboto + Cairo)"
